{"cameraMode":{"drawMode":0,"name":"Shaded","section":"Shading Mode"},"sceneLighting":true,"audioPlay":false,"sceneViewState":{"showFog":false,"showMaterialUpdate":false,"showSkybox":false,"showFlares":false,"showImageEffects":false,"showParticleSystems":false},"in2DMode":false,"pivot":{"x":0.5299999713897705,"y":2.3400001525878908,"z":1.399999976158142},"rotation":{"x":-0.05843016505241394,"y":0.38274553418159487,"z":-0.024263450875878335,"w":-0.9216887950897217},"size":7.197993278503418,"orthographic":false}